{"cameraMode":{"drawMode":0,"name":"Shaded","section":"Shading Mode"},"sceneLighting":true,"audioPlay":false,"sceneViewState":{"showFog":true,"showMaterialUpdate":false,"showSkybox":true,"showFlares":true,"showImageEffects":true,"showParticleSystems":true},"in2DMode":false,"pivot":{"x":7.345102787017822,"y":-56.561668395996097,"z":53.548561096191409},"rotation":{"x":-0.3887769877910614,"y":0.007164960727095604,"z":-0.003024838864803314,"w":-0.921299159526825},"size":104.85379028320313,"orthographic":false}