{"cameraMode":{"drawMode":0,"name":"Shaded","section":"Shading Mode"},"sceneLighting":true,"audioPlay":false,"sceneViewState":{"showFog":true,"showMaterialUpdate":false,"showSkybox":true,"showFlares":true,"showImageEffects":true,"showParticleSystems":true},"in2DMode":false,"pivot":{"x":3.2373318672180177,"y":-6.256846904754639,"z":0.43809613585472109},"rotation":{"x":-0.3816295862197876,"y":-0.5862659811973572,"z":0.36374184489250185,"w":-0.615095853805542},"size":12.461819648742676,"orthographic":false}